Region ID,Game ID,Hash ID
TRLH3,1002360040,6e24bcbfb775efcf
TRLH3,1002360057,d3cd5577578bc05b
TRLH3,1002360065,df65452a61034101
TRLH3,1002360080,e55d2d38fc9eaf08
TRLH3,1002360087,d97c1166642d8c62
TRLH3,1002350143,e20724378f71f2d6
TRLH3,1002350155,149be68a94fccaf0
TRLH3,1002350164,b3527eb1009af5e9
TRLH3,1002350171,41265ec7f4199730
TRLH3,1002350179,fe464f4e99a1d286
TRLH3,1002360154,48d15245939e50fe
TRLH3,1002360171,a63139e332a56880
TRLH3,1002360184,c45aa526acc236e5
TRLH3,1002360194,908127c18e50cca8
TRLH3,1002360202,8ccf4628e78ffdd3
TRLH3,1002350239,f76df41f72405f22
TRLH3,1002350252,17fca7406e407a26
TRLH3,1002350261,a9abbea74324b54a
TRLH3,1002350269,669a22dc761c74cf
TRLH3,1002350277,a28dd8a420b9c7f9
TRLH4,1002070019,3d8210ec2554f2be
TRLH4,1002070029,48f906c560de43b6
TRLH4,1002060045,6cd34a8d10be38a9
TRLH4,1002060061,2a88cfbe3e46d60c
TRLH4,1002060073,a6d288d6dbe752e1
TRLH3,1002400025,173c01e52fa587d4
TRLH3,1002390022,e37c9696860995de
TRLH3,1002390027,cfc37bc800078a25
TRLH3,1002390037,b61ed63fb8f92cd2
TRLH3,1002390041,e4fd8006a7e29992
TRLH3,1002390070,519ef382302a7e54
TRLH3,1002400099,d1b3c609b781d989
TRLH3,1002400107,0f81c9b150daad08
TRLH3,1002400116,4bfbfb1b1b0d53b4
TRLH3,1002390099,75cc1cbc460b0e87
TRLH3,1002390110,be38fc9a28ec122a
TRLH3,1002390124,e5ec891dfbca101c
TRLH3,1002390136,0bfea12d87dcade1
TRLH3,1002390143,d405a05f77bdb1cf
TRLH3,1002390150,9ea5e751bc8ba7f3
TRLH3,1002410010,9a5fbc184521b35e
TRLH3,1002410035,a3a4d8699ea8d9c6
TRLH3,1002410044,d97ca845ad07fc4a
TRLH3,1002410054,74829c6d5d9a3fbd
TRLH3,1002410069,f399e81ee9d51662
TRLH3,1002420054,964e9ea8ec2b355e
TRLH3,1002420066,bc6a90d73f034f54
TRLH3,1002420073,6d17944673917044
TRLH3,1002420080,54633e2aeff8f1ce
TRLH3,1002420088,397de32c322f352f
TRLH3,1002410185,34b6319b569cf7cf
TRLH3,1002410197,5f20ad2d3d7bd528
TRLH3,1002410205,fecc301f24ce6c01
TRLH3,1002410216,f297302358545209
TRLH3,1002410225,eac350cf8c974145
TRLH3,1002410242,49f868767acafffe
TRLH3,1002410253,d6cdafae31152841
TRLH3,1002410261,fda97785ef838eac
TRLH3,1002410269,5d4c65c4a6099dd9
TRLH3,1002410277,6c6dd5c855d33625
TRLH3,1002430023,068eec3bf571a2d8
TRLH3,1002430035,b90e3ef1ed2cd2b2
TRLH3,1002430043,e618a0db0b680269
TRLH3,1002430055,b55965ddc7546e9c
TRLH3,1002430065,ec4e93ae1371ebb3
TRLH3,1002430077,1fe8fcb91561f825
TRLH3,1002430090,e52d50a2c889772a
TRLH3,1002430097,8802d3c97171fd0c
TRLH3,1002430106,4d2c6a5dc86fa26d
TRLH3,1002430118,c89d193646e772b8
TRLH3,1002440088,3756b9bdb4d311b1
TRLH3,1002440096,9781611979436c90
TRLH3,1002440102,f5335def812a7a8f
TRLH3,1002440110,0437fe6c1cb2a654
TRLH3,1002440121,8daacf1dd86d4a3b
TRLH3,1002430172,8fda98153502e2e6
TRLH3,1002430189,e9399550c70d196d
TRLH3,1002430197,b30f62dd1b07e29c
TRLH3,1002430202,159739e1cf9c7484
TRLH3,1002430210,6869586697eeefb6
TRLH3,1002460019,24eb03c66382d5aa
TRLH3,1002450027,66b5ff47f97f3686
TRLH3,1002450032,8c5f3f0db5e58078
TRLH3,1002450042,981716354c5ead08
TRLH3,1002450048,212573df24fd8f69
TRLH3,1002460073,ad7dd4c740409335
TRLH3,1002460082,d3971258823f9383
TRLH3,1002460089,3fdf539dfa047e7e
TRLH3,1002460098,b2202fe338f737ef
TRLH3,1002450084,c58df765732ebb46
TRLH3,1002460113,7e2c728f4a8c3bdc
TRLH3,1002450107,05c243faf8d61a33
TRLH3,1002450113,c77c7b3987215037
TRLH3,1002450115,1237edb68749dd98
TRLH3,1002450118,eeb0b61c437f6d1c
TRLH3,1002450133,d8418c99139e1463
TRLH3,1002450135,a1175d9ff54888a1
TRLH3,1002450137,91fed39044b10f75
TRLH3,1002450139,95a43985d2c3f41e
TRLH3,1002450161,9d1d2d2392b5a620
TRLH3,1002450167,0132f9a3112f2497
TRLH3,1002450168,dd1ec8968df351f4
TRLH3,1002450169,1a33de4a1d3a87eb
TRLH3,1002450178,d7b468e1fa65de6f
TRLH3,1002460201,e2e5e33684aa04d5
TRLH3,1002450194,e80bfbda30391422
TRLH3,1002450195,519f28104174cb9b
TRLH3,1002490058,776a4d91769d8b31
TRLH3,1002490069,4dc1bc1c97d20eb3
TRLH3,1002490070,8a3f29155c3859ae
TRLH3,1002490071,cf4ace0b5d0d0d70
TRLH3,1002500031,e37020fb7d8df5fc
TRLH3,1002490089,9f087ef26a977822
TRLH3,1002490090,3fc8233e929d81aa
TRLH3,1002490091,a71736f3e3491531
